<?xml version="1.0" standalone="no" ?>

<project name="Mavenify Jide" default="deploy" basedir=".">
    <description>
        Script that converts a Jide distribution into Maven repository structure, complete with pom files into directory repo. 
        Just copy them under ~/.m2/repository. Call the script like '/usr/local/ant/bin/ant -f mavenify.xml'
        The script requires antcontrib in the ANT_HOME/lib/ folder. antcontrib requires Ant 1.6, or higher.
    </description>
    
    <taskdef resource="net/sf/antcontrib/antlib.xml" />
    
    <property name="distribution.dir" value="../lib"/>
    <property name="source.dir" value="../src-stub"/>
    <property name="javadoc.dir" value="../javadoc"/>
    <property name="target.dir" value="repo"/>
    <property name="target.repo.dir" value="${target.dir}/com/jidesoft"/>
    <property name="pom" value="${target.dir}/com/jidesoft"/>
    <property name="full-version" value="3.7.12"/>
    
    <target name="init">
        <tstamp/>
        <!-- Create the build directory structure used  -->
        <delete dir="${target.dir}"/>
        <mkdir dir="${target.dir}"/>
        <mkdir dir="${target.dir}/com"/>
        <mkdir dir="${target.dir}/com/jidesoft"/>
    </target>
    
    <target name="deploy" depends="init" description="Main target for Deploying Jide library">
    
        <script language="javascript">
            var text = project.getProperty("full-version");
            var n = text.indexOf("-debug");
            if (n != -1) {
                text = text.substring(0, n);
                project.setProperty("debug", "1");
            }
            project.setProperty("version", text);
        </script>                

        <echo message="Release version: ${full-version}"/>
        <echo />

        <!-- for parent POM -->
        <property name="MODULE_PARENT" value="jide-parent"/>
        <mkdir dir="${target.repo.dir}/${MODULE_PARENT}"/>
        <mkdir dir="${target.repo.dir}/${MODULE_PARENT}/${version}"/>
        <if>
    		<not>
            <equals arg1="${debug}" arg2="1" />
    		</not>
        <then>
            <copy todir="${target.repo.dir}/${MODULE_PARENT}/${version}">
                <zipfileset src="maven-poms.zip">
                    <patternset>
                        <include name="${MODULE_PARENT}.pom"/>
                    </patternset>
                </zipfileset>
                <filterset>
                    <filter token="JIDE_ARTIFACT_ID" value="${MODULE_PARENT}"/>
                    <filter token="JIDE_VERSION" value="${version}"/>
                </filterset>
                <mapper type="glob" from="*.pom" to="*-${version}.pom"/>
            </copy>
        </then>
        </if>

        <for param="file">
            <path>
            <fileset dir="${distribution.dir}" includes="jide-*.jar"/>
            </path>
    
            <sequential>
                <basename property="moduleName@{file}" file="@{file}" suffix=".jar"/>
                <echo message="moduleName=${moduleName@{file}}"/>
                <propertyregex property="sourceName@{file}" input="${moduleName@{file}}" regexp="jide-([^-]*)" select="\1" casesensitive="false" />
                            
                <!--Create directory structure-->
                <mkdir dir="${target.repo.dir}/${moduleName@{file}}"/>
                <mkdir dir="${target.repo.dir}/${moduleName@{file}}/${version}"/>
                
                <!--Copy jar file-->
                <copy file="${distribution.dir}/${moduleName@{file}}.jar"
                    tofile="${target.repo.dir}/${moduleName@{file}}/${version}/${moduleName@{file}}-${full-version}.jar"/>
                
                <!--Copy and filter source stub-->
                <if>
            		<not>
        				<equals arg1="${debug}" arg2="1" />
            		</not>
        		<then>

            		<if>
                        <available file="${source.dir}/src-${sourceName@{file}}-stub.zip"/>
                    <then>
                        <if>
                            <equals arg1="${moduleName@{file}}" arg2="jide-common" />
                        <then>
                            <jar destfile="${target.repo.dir}/${moduleName@{file}}/${version}/${moduleName@{file}}-${version}-sources.jar">
                                <zipfileset src="${source.dir}/src-${sourceName@{file}}-stub.zip" includes="com/**"/>
                                <zipfileset src="../src/src-oss.zip" includes="com/**"/>
                            </jar>
                        </then>
                        <else>
                            <jar destfile="${target.repo.dir}/${moduleName@{file}}/${version}/${moduleName@{file}}-${version}-sources.jar">
                                <zipfileset src="${source.dir}/src-${sourceName@{file}}-stub.zip" includes="com/**"/>
                            </jar>
                        </else>
                        </if>
                        <deltree dir="${source.dir}/com" />
                    </then>
            		</if>
            
            		<!--Copy and filter javadoc-->
            		<if>
                        <available file="${javadoc.dir}/modules/javadoc_${sourceName@{file}}/index.html"/>
                    <then>
                        <jar destfile="${target.repo.dir}/${moduleName@{file}}/${version}/${moduleName@{file}}-${version}-javadoc.jar"
                            basedir="${javadoc.dir}/modules/javadoc_${sourceName@{file}}"
                            includes="**/*" />
                    </then>
            		</if>
            
            		<!--Copy and filter pom file-->
            		<copy todir="${target.repo.dir}/${moduleName@{file}}/${version}">
                        <zipfileset src="maven-poms.zip">
                                <patternset>
                                        <include name="${moduleName@{file}}.pom"/>
                                </patternset>
                        </zipfileset>
                        <filterset>
                                <filter token="JIDE_ARTIFACT_ID" value="${moduleName@{file}}"/>
                                <filter token="JIDE_VERSION" value="${version}"/>
                        </filterset>
                        <mapper type="glob" from="*.pom" to="*-${version}.pom"/>
            		</copy>

                </then>
                </if>
                        
            </sequential>
        
        </for>
        
        <if>
    		<not>
            <equals arg1="${debug}" arg2="1" />
    		</not>
        <then>
            <!-- for informa special -->
            <property name="MODULE_INFORMA" value="informa"/>
            <property name="INFORMA_VERSION" value="0.7.0-alpha2"/>
            <mkdir dir="${target.dir}/${MODULE_INFORMA}"/>
            <mkdir dir="${target.dir}/${MODULE_INFORMA}/${INFORMA_VERSION}"/>
            <copy file="./${MODULE_INFORMA}.jar"
                tofile="${target.dir}/${MODULE_INFORMA}/${INFORMA_VERSION}/${MODULE_INFORMA}-${INFORMA_VERSION}.jar"/>
            <copy todir="${target.dir}/${MODULE_INFORMA}/${INFORMA_VERSION}">
                <zipfileset src="maven-poms.zip">
                    <patternset>
                        <include name="${MODULE_INFORMA}-${INFORMA_VERSION}.pom"/>
                    </patternset>
                </zipfileset>
            </copy>
        </then>
        </if>
    
    </target>

</project>
