<?xml version="1.0"?>
<!DOCTYPE hibernate-mapping PUBLIC
        "-//Hibernate/Hibernate Mapping DTD 3.0//EN"
        "http://hibernate.sourceforge.net/hibernate-mapping-3.0.dtd">
<hibernate-mapping>

    <class name="Sales" table="Sales">
        <id name="ID" column="id" type="int">
            <generator class="increment"/>
        </id>
        <property name="productName"/>
        <property name="categoryName"/>
        <property name="amount"/>
        <property name="orderDate"/>
    </class>
</hibernate-mapping>