<?xml version="1.0" standalone="no" ?>

<project name="OSGify Jide" default="osgify" basedir=".">
    <description>
        Script that converts a Jide distribution into OSGi bundles.
        Call the script like '/usr/local/ant/bin/ant -f osgify.xml'
        The script requires antcontrib and Bnd to be in the same directory as this file.
		NOTES: 
		1) antcontrib requires Ant 1.6, or higher.
		2) You can download BND from https://bnd.bndtools.org/.
    </description>

    <property environment="env"/>
    <!--NOTE: Remove classpath if Bnd is located at ANT_HOME/lib/-->
    <taskdef resource="aQute/bnd/ant/taskdef.properties" classpath="biz.aQute.bnd.jar"/>
    <!--NOTE: Remove classpath if antcontrib is located at ANT_HOME/lib/-->
    <taskdef resource="net/sf/antcontrib/antlib.xml" classpath="ant-contrib-1.0b3.jar"/>

    <property name="distribution.dir" value="../lib"/>
    <property name="common-jar-file" value="jide-common.jar"/>
    <property name="enterprise-jar-file" value="jide-enterprise.jar"/>
    <property name="ultimate-jar-file" value="jide-ultimate.jar"/>
    <property name="temp-jar-file" value="jide-temp.jar"/>

    <target name="osgify" depends="init, create-enterprise, bundle-enterprise, create-ultimate, bundle-ultimate"/>

    <target name="init">
        <tstamp/>
    </target>
    
    <target name="create-enterprise">
        <!--Extract all jars to a temp directory-->
		    <property name="extract.temp.dir" value="${distribution.dir}/temp"/>
        <delete dir="${extract.temp.dir}"/>
        <mkdir dir="${extract.temp.dir}"/>
        <unjar dest="${extract.temp.dir}" overwrite="true">
            <fileset dir="${distribution.dir}" includes="**/jide-action.jar, jide-components.jar, jide-dock.jar, jide-dialogs.jar, jide-grids.jar"/>
            <patternset excludes="META-INF/MANIFEST.MF"/>
        </unjar>

        <!--Create the Ultimate jar-->
        <jar destfile="${temp-jar-file}" basedir="${extract.temp.dir}" duplicate="fail" update="false"/>
        <delete dir="${extract.temp.dir}"/>
    </target>
    
    <target name="bundle-enterprise">
        <echo>Processing Enterprise Bundle info ... </echo>
        <delete file="${enterprise-jar-file}" failonerror="true"/>
        <bnd
                classpath="${temp-jar-file}"
                eclipse="false"
                failok="true"
                exceptions="true"
                files="jide-enterprise.bnd"
                destfile="${enterprise-jar-file}" trace="on"/>
        <delete file="${temp-jar-file}" failonerror="true"/>
    </target>

    <target name="create-ultimate">
        <!--Extract all jars to a temp directory-->
		    <property name="extract.temp.dir" value="${distribution.dir}/temp"/>
        <delete dir="${extract.temp.dir}"/>
        <mkdir dir="${extract.temp.dir}"/>
        <unjar dest="${extract.temp.dir}" overwrite="true">
            <fileset dir="${distribution.dir}" includes="**/jide-*.jar"
                     excludes="debug/*.jar, **/jide-plaf*.jar, **/jide-demo.jar, **/jide-beaninfo.jar, **/jide-designer.jar, ${ultimate-jar-file}"/>
            <patternset excludes="META-INF/MANIFEST.MF"/>
        </unjar>

        <!--Create the Ultimate jar-->
        <jar destfile="${temp-jar-file}" basedir="${extract.temp.dir}" duplicate="fail" update="false"/>
        <delete dir="${extract.temp.dir}"/>
    </target>
    
    <target name="bundle-ultimate">
        <echo>Processing Ultimate Bundle info ... </echo>
        <delete file="${ultimate-jar-file}" failonerror="true"/>
        <bnd
                classpath="${temp-jar-file}"
                eclipse="false"
                failok="true"
                exceptions="true"
                files="jide-ultimate.bnd"
                destfile="${ultimate-jar-file}" trace="on"/>
        <delete file="${temp-jar-file}" failonerror="true"/>
    </target>

</project>

